step,clock,from_vertex,from_empire_size,n_neighbors,chosen_vertex,chosen_savings,chosen_rank,chosen_probability,best_vertex,best_savings,best_probability,worst_vertex,worst_savings,worst_probability,mean_savings,savings_std,max_minus_chosen,all_savings
1,0,98,286,12,26,147,4,0.134463,107,176,0.230005,80,74,0.017498,109.2,42.9,29,107:176:0.2300|114:176:0.2300|168:176:0.2300|26:147:0.1345|94:85:0.0264|97:85:0.0264|117:85:0.0264|72:85:0.0264|99:74:0.0175|102:74:0.0175|124:74:0.0175|80:74:0.0175
1,1,4,197,12,8,73,9,0.056525,11,108,0.180643,20,68,0.045824,81.2,12.8,35,11:108:0.1806|64:103:0.1569|1:91:0.1086|21:90:0.1051|204:76:0.0637|13:74:0.0588|217:73:0.0565|7:73:0.0565|8:73:0.0565|216:73:0.0565|9:72:0.0543|20:68:0.0458
2,0,26,148,10,98,147,1,0.912703,98,147,0.912703,94,23,0.003892,42.3,35.3,0,98:147:0.9127|226:35:0.0131|212:35:0.0131|229:35:0.0131|219:34:0.0121|221:34:0.0121|215:34:0.0121|105:23:0.0039|91:23:0.0039|94:23:0.0039
2,1,8,101,12,4,73,3,0.141259,203,97,0.328094,7,16,0.001713,49.2,26.3,24,203:97:0.3281|67:89:0.2541|4:73:0.1413|5:70:0.1248|0:52:0.0519|11:51:0.0490|207:39:0.0223|210:27:0.0077|1:26:0.0069|20:26:0.0069|204:24:0.0054|7:16:0.0017
3,0,98,286,12,168,176,3,0.230005,107,176,0.230005,80,74,0.017498,109.2,42.9,0,107:176:0.2300|114:176:0.2300|168:176:0.2300|26:147:0.1345|94:85:0.0264|97:85:0.0264|117:85:0.0264|72:85:0.0264|99:74:0.0175|102:74:0.0175|124:74:0.0175|80:74:0.0175
3,1,4,197,12,21,90,4,0.105115,11,108,0.180643,20,68,0.045824,81.2,12.8,18,11:108:0.1806|64:103:0.1569|1:91:0.1086|21:90:0.1051|204:76:0.0637|13:74:0.0588|217:73:0.0565|7:73:0.0565|8:73:0.0565|216:73:0.0565|9:72:0.0543|20:68:0.0458
4,0,168,177,10,98,176,1,0.844983,98,176,0.844983,104,23,0.002107,54.5,43.6,0,98:176:0.8450|256:64:0.0418|254:64:0.0418|259:64:0.0418|258:36:0.0077|270:36:0.0077|253:36:0.0077|90:23:0.0021|102:23:0.0021|104:23:0.0021
4,1,21,92,9,220,51,5,0.071505,4,90,0.383224,9,23,0.00703,51.4,21.5,39,4:90:0.3832|32:68:0.1671|210:66:0.1530|222:64:0.1397|220:51:0.0715|217:47:0.0562|13:27:0.0112|216:27:0.0112|9:23:0.0070
5,0,98,286,12,168,176,3,0.230005,107,176,0.230005,80,74,0.017498,109.2,42.9,0,107:176:0.2300|114:176:0.2300|168:176:0.2300|26:147:0.1345|94:85:0.0264|97:85:0.0264|117:85:0.0264|72:85:0.0264|99:74:0.0175|102:74:0.0175|124:74:0.0175|80:74:0.0175
5,1,220,101,8,113,73,3,0.190119,32,73,0.190119,21,51,0.065969,61.8,10.1,0,32:73:0.1901|73:73:0.1901|113:73:0.1901|222:68:0.1541|111:52:0.0698|224:52:0.0698|216:52:0.0698|21:51:0.0660
6,0,168,177,10,98,176,1,0.844983,98,176,0.844983,104,23,0.002107,54.5,43.6,0,98:176:0.8450|256:64:0.0418|254:64:0.0418|259:64:0.0418|258:36:0.0077|270:36:0.0077|253:36:0.0077|90:23:0.0021|102:23:0.0021|104:23:0.0021
6,1,113,197,12,220,73,10,0.032906,73,146,0.257948,118,70,0.029064,92.4,26.3,73,73:146:0.2579|222:133:0.1954|96:126:0.1663|120:103:0.0913|116:84:0.0499|111:78:0.0400|224:75:0.0356|261:75:0.0356|110:73:0.0329|220:73:0.0329|121:73:0.0329|118:70:0.0291
7,0,98,286,12,168,176,3,0.230005,107,176,0.230005,80,74,0.017498,109.2,42.9,0,107:176:0.2300|114:176:0.2300|168:176:0.2300|26:147:0.1345|94:85:0.0264|97:85:0.0264|117:85:0.0264|72:85:0.0264|99:74:0.0175|102:74:0.0175|124:74:0.0175|80:74:0.0175
7,1,220,101,8,222,68,4,0.154127,32,73,0.190119,21,51,0.065969,61.8,10.1,5,32:73:0.1901|73:73:0.1901|113:73:0.1901|222:68:0.1541|111:52:0.0698|224:52:0.0698|216:52:0.0698|21:51:0.0660
8,0,168,177,10,98,176,1,0.844983,98,176,0.844983,104,23,0.002107,54.5,43.6,0,98:176:0.8450|256:64:0.0418|254:64:0.0418|259:64:0.0418|258:36:0.0077|270:36:0.0077|253:36:0.0077|90:23:0.0021|102:23:0.0021|104:23:0.0021
8,1,222,162,10,224,68,5,0.04683,73,140,0.399604,93,36,0.007221,71.0,36.4,72,73:140:0.3996|113:133:0.3430|23:85:0.0907|220:68:0.0468|224:68:0.0468|21:64:0.0391|110:39:0.0091|216:39:0.0091|111:38:0.0085|93:36:0.0072
9,0,98,286,12,114,176,2,0.230005,107,176,0.230005,80,74,0.017498,109.2,42.9,0,107:176:0.2300|114:176:0.2300|168:176:0.2300|26:147:0.1345|94:85:0.0264|97:85:0.0264|117:85:0.0264|72:85:0.0264|99:74:0.0175|102:74:0.0175|124:74:0.0175|80:74:0.0175
9,1,224,102,12,113,75,2,0.143852,32,76,0.149606,35,31,0.010738,59.7,13.3,1,32:76:0.1496|113:75:0.1439|238:75:0.1439|116:68:0.1077|222:68:0.1077|231:67:0.1030|121:53:0.0516|38:52:0.0488|220:52:0.0488|120:50:0.0435|111:49:0.0410|35:31:0.0107
10,0,114,177,10,219,65,2,0.043531,98,176,0.839622,99,22,0.001842,56.2,42.5,111,98:176:0.8396|219:65:0.0435|112:64:0.0416|74:63:0.0397|106:36:0.0077|93:35:0.0071|223:35:0.0071|72:34:0.0065|105:32:0.0054|99:22:0.0018
10,1,113,197,12,73,146,1,0.257948,73,146,0.257948,118,70,0.029064,92.4,26.3,0,73:146:0.2579|222:133:0.1954|96:126:0.1663|120:103:0.0913|116:84:0.0499|111:78:0.0400|224:75:0.0356|261:75:0.0356|110:73:0.0329|220:73:0.0329|121:73:0.0329|118:70:0.0291
11,0,219,88,12,114,65,1,0.451398,114,65,0.451398,229,11,0.002713,30.6,14.3,0,114:65:0.4514|72:40:0.1082|91:38:0.0931|105:38:0.0931|218:36:0.0795|26:34:0.0673|23:31:0.0514|34:24:0.0245|93:19:0.0126|212:19:0.0126|223:12:0.0034|229:11:0.0027
11,1,73,210,9,69,141,3,0.20645,113,146,0.229035,110,72,0.028049,103.7,35.0,5,113:146:0.2290|255:144:0.2198|69:141:0.2065|222:140:0.2021|216:73:0.0292|220:73:0.0292|66:72:0.0280|217:72:0.0280|110:72:0.0280
12,0,114,177,10,98,176,1,0.839622,98,176,0.839622,99,22,0.001842,56.2,42.5,0,98:176:0.8396|219:65:0.0435|112:64:0.0416|74:63:0.0397|106:36:0.0077|93:35:0.0071|223:35:0.0071|72:34:0.0065|105:32:0.0054|99:22:0.0018
12,1,69,162,11,73,141,1,0.314909,73,141,0.314909,95,36,0.005571,76.8,37.6,0,73:141:0.3149|255:133:0.2646|96:117:0.1807|67:97:0.1035|64:70:0.0394|66:68:0.0361|244:67:0.0346|110:39:0.0070|217:39:0.0070|86:38:0.0065|95:36:0.0056
13,0,98,286,12,168,176,3,0.230005,107,176,0.230005,80,74,0.017498,109.2,42.9,0,107:176:0.2300|114:176:0.2300|168:176:0.2300|26:147:0.1345|94:85:0.0264|97:85:0.0264|117:85:0.0264|72:85:0.0264|99:74:0.0175|102:74:0.0175|124:74:0.0175|80:74:0.0175
13,1,73,210,9,222,140,4,0.202119,113,146,0.229035,110,72,0.028049,103.7,35.0,6,113:146:0.2290|255:144:0.2198|69:141:0.2065|222:140:0.2021|216:73:0.0292|220:73:0.0292|66:72:0.0280|217:72:0.0280|110:72:0.0280
14,0,168,177,10,98,176,1,0.844983,98,176,0.844983,104,23,0.002107,54.5,43.6,0,98:176:0.8450|256:64:0.0418|254:64:0.0418|259:64:0.0418|258:36:0.0077|270:36:0.0077|253:36:0.0077|90:23:0.0021|102:23:0.0021|104:23:0.0021
14,1,222,162,10,73,140,1,0.399604,73,140,0.399604,93,36,0.007221,71.0,36.4,0,73:140:0.3996|113:133:0.3430|23:85:0.0907|220:68:0.0468|224:68:0.0468|21:64:0.0391|110:39:0.0091|216:39:0.0091|111:38:0.0085|93:36:0.0072
15,0,98,286,12,114,176,2,0.230005,107,176,0.230005,80,74,0.017498,109.2,42.9,0,107:176:0.2300|114:176:0.2300|168:176:0.2300|26:147:0.1345|94:85:0.0264|97:85:0.0264|117:85:0.0264|72:85:0.0264|99:74:0.0175|102:74:0.0175|124:74:0.0175|80:74:0.0175
15,1,73,210,9,113,146,1,0.229035,113,146,0.229035,110,72,0.028049,103.7,35.0,0,113:146:0.2290|255:144:0.2198|69:141:0.2065|222:140:0.2021|216:73:0.0292|220:73:0.0292|66:72:0.0280|217:72:0.0280|110:72:0.0280
16,0,114,177,10,98,176,1,0.839622,98,176,0.839622,99,22,0.001842,56.2,42.5,0,98:176:0.8396|219:65:0.0435|112:64:0.0416|74:63:0.0397|106:36:0.0077|93:35:0.0071|223:35:0.0071|72:34:0.0065|105:32:0.0054|99:22:0.0018
16,1,113,197,12,96,126,3,0.166338,73,146,0.257948,118,70,0.029064,92.4,26.3,20,73:146:0.2579|222:133:0.1954|96:126:0.1663|120:103:0.0913|116:84:0.0499|111:78:0.0400|224:75:0.0356|261:75:0.0356|110:73:0.0329|220:73:0.0329|121:73:0.0329|118:70:0.0291
17,0,98,286,12,168,176,3,0.230005,107,176,0.230005,80,74,0.017498,109.2,42.9,0,107:176:0.2300|114:176:0.2300|168:176:0.2300|26:147:0.1345|94:85:0.0264|97:85:0.0264|117:85:0.0264|72:85:0.0264|99:74:0.0175|102:74:0.0175|124:74:0.0175|80:74:0.0175
17,1,96,148,13,255,123,2,0.201916,113,126,0.216928,74,33,0.004162,78.3,30.9,3,113:126:0.2169|255:123:0.2019|69:117:0.1740|272:90:0.0798|167:87:0.0722|116:86:0.0697|268:85:0.0674|106:80:0.0563|260:60:0.0240|93:59:0.0229|110:36:0.0054|261:36:0.0054|74:33:0.0042
18,0,168,177,10,259,64,4,0.041847,98,176,0.844983,104,23,0.002107,54.5,43.6,112,98:176:0.8450|256:64:0.0418|254:64:0.0418|259:64:0.0418|258:36:0.0077|270:36:0.0077|253:36:0.0077|90:23:0.0021|102:23:0.0021|104:23:0.0021
18,1,255,197,12,261,75,8,0.035094,73,144,0.243719,86,69,0.027421,93.3,25.9,69,73:144:0.2437|69:133:0.1924|96:123:0.1524|151:108:0.1035|167:97:0.0752|154:77:0.0379|244:75:0.0351|261:75:0.0351|66:73:0.0324|152:73:0.0324|110:73:0.0324|86:69:0.0274
19,0,259,87,12,181,64,2,0.384348,168,64,0.384348,269,12,0.003075,29.4,16.7,0,168:64:0.3843|181:64:0.3843|268:35:0.0653|126:33:0.0550|102:24:0.0219|104:24:0.0219|99:23:0.0193|119:21:0.0149|258:21:0.0149|185:19:0.0112|270:13:0.0038|269:12:0.0031
19,1,261,99,11,113,75,1,0.243822,113,75,0.243822,272,19,0.004443,45.5,21.0,0,113:75:0.2438|255:75:0.2438|180:74:0.2343|154:50:0.0737|178:50:0.0737|179:49:0.0694|96:36:0.0281|118:30:0.0165|260:23:0.0077|167:19:0.0044|272:19:0.0044
20,0,181,173,14,119,81,8,0.041433,192,140,0.210649,185,35,0.003506,88.0,29.8,59,192:140:0.2106|285:139:0.2062|275:128:0.1613|274:96:0.0686|170:96:0.0686|276:91:0.0585|176:90:0.0566|119:81:0.0414|258:81:0.0414|177:72:0.0292|259:64:0.0206|260:60:0.0171|269:59:0.0162|185:35:0.0035
20,1,113,197,12,73,146,1,0.257948,73,146,0.257948,118,70,0.029064,92.4,26.3,0,73:146:0.2579|222:133:0.1954|96:126:0.1663|120:103:0.0913|116:84:0.0499|111:78:0.0400|224:75:0.0356|261:75:0.0356|110:73:0.0329|220:73:0.0329|121:73:0.0329|118:70:0.0291
21,0,119,83,7,181,81,1,0.79382,181,81,0.79382,112,16,0.007073,33.9,20.3,0,181:81:0.7938|274:36:0.0729|126:34:0.0617|135:27:0.0316|99:22:0.0175|259:21:0.0153|112:16:0.0071
21,1,73,210,9,220,73,6,0.029218,113,146,0.229035,110,72,0.028049,103.7,35.0,73,113:146:0.2290|255:144:0.2198|69:141:0.2065|222:140:0.2021|216:73:0.0292|220:73:0.0292|66:72:0.0280|217:72:0.0280|110:72:0.0280
22,0,181,173,14,274,96,4,0.068583,192,140,0.210649,185,35,0.003506,88.0,29.8,44,192:140:0.2106|285:139:0.2062|275:128:0.1613|274:96:0.0686|170:96:0.0686|276:91:0.0585|176:90:0.0566|119:81:0.0414|258:81:0.0414|177:72:0.0292|259:64:0.0206|260:60:0.0171|269:59:0.0162|185:35:0.0035
22,1,220,101,8,222,68,4,0.154127,32,73,0.190119,21,51,0.065969,61.8,10.1,5,32:73:0.1901|73:73:0.1901|113:73:0.1901|222:68:0.1541|111:52:0.0698|224:52:0.0698|216:52:0.0698|21:51:0.0660
23,0,274,162,10,192,84,3,0.125131,136,128,0.437398,119,36,0.010321,66.4,28.8,44,136:128:0.4374|181:96:0.1860|192:84:0.1251|182:70:0.0729|278:68:0.0669|277:67:0.0641|135:39:0.0130|276:39:0.0130|138:37:0.0112|119:36:0.0103
23,1,222,162,10,224,68,5,0.04683,73,140,0.399604,93,36,0.007221,71.0,36.4,72,73:140:0.3996|113:133:0.3430|23:85:0.0907|220:68:0.0468|224:68:0.0468|21:64:0.0391|110:39:0.0091|216:39:0.0091|111:38:0.0085|93:36:0.0072
24,0,192,197,12,189,131,3,0.19232,181,140,0.234402,185,73,0.033884,91.9,25.2,9,181:140:0.2344|275:133:0.2012|189:131:0.1923|138:90:0.0630|274:84:0.0514|191:80:0.0444|182:76:0.0382|177:76:0.0382|277:74:0.0353|278:73:0.0339|194:73:0.0339|185:73:0.0339
24,1,224,102,12,231,67,6,0.103039,32,76,0.149606,35,31,0.010738,59.7,13.3,9,32:76:0.1496|113:75:0.1439|238:75:0.1439|116:68:0.1077|222:68:0.1077|231:67:0.1030|121:53:0.0516|38:52:0.0488|220:52:0.0488|120:50:0.0435|111:49:0.0410|35:31:0.0107
25,0,189,180,9,286,74,5,0.038566,173,132,0.215067,185,68,0.030031,97.4,29.4,58,173:132:0.2151|192:131:0.2103|275:131:0.2103|285:127:0.1917|286:74:0.0386|188:73:0.0370|194:73:0.0370|187:68:0.0300|185:68:0.0300
25,1,231,162,12,238,84,5,0.062839,36,143,0.305535,223,36,0.005183,77.3,36.3,59,36:143:0.3055|32:133:0.2462|23:116:0.1639|122:99:0.1023|238:84:0.0628|38:68:0.0336|224:67:0.0322|49:64:0.0281|35:40:0.0071|34:39:0.0065|40:39:0.0065|223:36:0.0052
26,0,286,101,8,189,74,1,0.194839,189,74,0.194839,282,51,0.064939,62.1,10.0,0,189:74:0.1948|284:73:0.1871|285:73:0.1871|173:68:0.1517|184:53:0.0727|183:53:0.0727|188:52:0.0688|282:51:0.0649
26,1,238,197,12,35,95,5,0.069549,122,141,0.225084,49,69,0.026963,93.8,25.9,46,122:141:0.2251|140:141:0.2251|136:126:0.1610|40:97:0.0740|35:95:0.0695|231:84:0.0483|120:77:0.0373|224:75:0.0345|237:75:0.0345|38:73:0.0319|121:73:0.0319|49:69:0.0270
27,0,189,180,9,173,132,1,0.215067,173,132,0.215067,185,68,0.030031,97.4,29.4,0,173:132:0.2151|192:131:0.2103|275:131:0.2103|285:127:0.1917|286:74:0.0386|188:73:0.0370|194:73:0.0370|187:68:0.0300|185:68:0.0300
27,1,35,98,7,238,95,1,0.569668,238,95,0.569668,120,19,0.005151,47.4,25.9,0,238:95:0.5697|32:72:0.2505|38:53:0.1014|231:40:0.0444|224:31:0.0211|111:22:0.0078|120:19:0.0052
28,0,173,162,10,286,68,4,0.048092,285,133,0.352242,270,36,0.007415,71.3,35.4,65,285:133:0.3522|189:132:0.3444|172:96:0.1336|286:68:0.0481|184:66:0.0440|282:65:0.0421|183:39:0.0094|188:39:0.0094|185:39:0.0094|270:36:0.0074
28,1,238,197,12,136,126,3,0.161024,122,141,0.225084,49,69,0.026963,93.8,25.9,15,122:141:0.2251|140:141:0.2251|136:126:0.1610|40:97:0.0740|35:95:0.0695|231:84:0.0483|120:77:0.0373|224:75:0.0345|237:75:0.0345|38:73:0.0319|121:73:0.0319|49:69:0.0270
29,0,286,101,8,282,51,8,0.064939,189,74,0.194839,282,51,0.064939,62.1,10.0,23,189:74:0.1948|284:73:0.1871|285:73:0.1871|173:68:0.1517|184:53:0.0727|183:53:0.0727|188:52:0.0688|282:51:0.0649
29,1,136,178,9,140,128,3,0.20723,116,129,0.212086,135,70,0.034551,95.9,28.5,1,116:129:0.2121|274:128:0.2072|140:128:0.2072|238:126:0.1977|276:71:0.0360|278:71:0.0360|121:70:0.0346|272:70:0.0346|135:70:0.0346
30,0,282,96,12,285,74,2,0.159843,280,74,0.159843,183,30,0.011287,55.0,16.6,0,280:74:0.1598|285:74:0.1598|284:74:0.1598|170:65:0.1089|165:65:0.1089|173:65:0.1089|281:51:0.0533|283:51:0.0533|286:51:0.0533|161:30:0.0113|166:30:0.0113|183:30:0.0113
30,1,140,197,12,138,70,12,0.02773,122,144,0.236202,138,70,0.02773,94.0,26.5,74,122:144:0.2362|238:141:0.2218|136:128:0.1663|236:97:0.0729|133:90:0.0584|137:84:0.0476|139:78:0.0382|237:75:0.0340|277:75:0.0340|142:73:0.0314|278:73:0.0314|138:70:0.0277
31,0,285,197,12,173,133,2,0.207978,181,139,0.237185,183,71,0.032263,90.8,25.2,6,181:139:0.2372|173:133:0.2080|189:127:0.1813|166:93:0.0718|170:84:0.0531|177:78:0.0426|282:74:0.0365|283:73:0.0350|286:73:0.0350|185:73:0.0350|171:71:0.0323|183:71:0.0323
31,1,138,93,7,192,90,1,0.557535,192,90,0.557535,133,21,0.007878,45.7,24.1,0,192:90:0.5575|140:70:0.2648|278:50:0.0981|274:37:0.0406|277:30:0.0220|191:22:0.0090|133:21:0.0079
32,0,173,162,10,189,132,2,0.344414,285,133,0.352242,270,36,0.007415,71.3,35.4,1,285:133:0.3522|189:132:0.3444|172:96:0.1336|286:68:0.0481|184:66:0.0440|282:65:0.0421|183:39:0.0094|188:39:0.0094|185:39:0.0094|270:36:0.0074
32,1,192,197,12,189,131,3,0.19232,181,140,0.234402,185,73,0.033884,91.9,25.2,9,181:140:0.2344|275:133:0.2012|189:131:0.1923|138:90:0.0630|274:84:0.0514|191:80:0.0444|182:76:0.0382|177:76:0.0382|277:74:0.0353|278:73:0.0339|194:73:0.0339|185:73:0.0339
33,0,189,180,9,275,131,3,0.210253,173,132,0.215067,185,68,0.030031,97.4,29.4,1,173:132:0.2151|192:131:0.2103|275:131:0.2103|285:127:0.1917|286:74:0.0386|188:73:0.0370|194:73:0.0370|187:68:0.0300|185:68:0.0300
33,1,189,180,9,285,127,4,0.191712,173,132,0.215067,185,68,0.030031,97.4,29.4,5,173:132:0.2151|192:131:0.2103|275:131:0.2103|285:127:0.1917|286:74:0.0386|188:73:0.0370|194:73:0.0370|187:68:0.0300|185:68:0.0300
34,0,275,162,12,194,68,7,0.034801,192,133,0.254897,269,36,0.005366,77.1,35.2,65,192:133:0.2549|189:131:0.2437|181:128:0.2274|128:88:0.0747|279:84:0.0651|193:70:0.0379|194:68:0.0348|277:68:0.0348|191:41:0.0078|185:39:0.0068|187:39:0.0068|269:36:0.0054
34,1,285,197,12,189,127,3,0.181273,181,139,0.237185,183,71,0.032263,90.8,25.2,12,181:139:0.2372|173:133:0.2080|189:127:0.1813|166:93:0.0718|170:84:0.0531|177:78:0.0426|282:74:0.0365|283:73:0.0350|286:73:0.0350|185:73:0.0350|171:71:0.0323|183:71:0.0323
35,0,194,101,8,189,73,1,0.187047,189,73,0.187047,187,52,0.06872,62.2,9.7,0,189:73:0.1870|192:73:0.1870|279:73:0.1870|275:68:0.1516|191:55:0.0811|193:52:0.0687|277:52:0.0687|187:52:0.0687
35,1,189,180,9,192,131,2,0.210253,173,132,0.215067,185,68,0.030031,97.4,29.4,1,173:132:0.2151|192:131:0.2103|275:131:0.2103|285:127:0.1917|286:74:0.0386|188:73:0.0370|194:73:0.0370|187:68:0.0300|185:68:0.0300
36,0,189,180,9,187,68,8,0.030031,173,132,0.215067,185,68,0.030031,97.4,29.4,64,173:132:0.2151|192:131:0.2103|275:131:0.2103|285:127:0.1917|286:74:0.0386|188:73:0.0370|194:73:0.0370|187:68:0.0300|185:68:0.0300
36,1,192,197,12,275,133,2,0.201195,181,140,0.234402,185,73,0.033884,91.9,25.2,7,181:140:0.2344|275:133:0.2012|189:131:0.1923|138:90:0.0630|274:84:0.0514|191:80:0.0444|182:76:0.0382|177:76:0.0382|277:74:0.0353|278:73:0.0339|194:73:0.0339|185:73:0.0339
37,0,187,101,12,190,73,3,0.146249,279,97,0.339686,188,16,0.001773,48.3,26.3,24,279:97:0.3397|128:87:0.2460|190:73:0.1462|189:68:0.1186|194:52:0.0537|184:49:0.0451|275:39:0.0231|175:27:0.0079|271:27:0.0079|193:26:0.0071|273:19:0.0029|188:16:0.0018
37,1,275,162,12,279,84,5,0.065059,192,133,0.254897,269,36,0.005366,77.1,35.2,49,192:133:0.2549|189:131:0.2437|181:128:0.2274|128:88:0.0747|279:84:0.0651|193:70:0.0379|194:68:0.0348|277:68:0.0348|191:41:0.0078|185:39:0.0068|187:39:0.0068|269:36:0.0054
38,0,190,197,12,130,90,4,0.101723,193,104,0.156265,267,73,0.0547,82.5,11.6,14,193:104:0.1563|174:103:0.1518|184:95:0.1194|130:90:0.1017|186:80:0.0717|175:76:0.0616|169:76:0.0616|273:74:0.0569|187:73:0.0547|266:73:0.0547|188:73:0.0547|267:73:0.0547
38,1,279,197,13,191,108,4,0.095363,141,144,0.224493,133,69,0.025258,93.2,26.0,36,141:144:0.2245|134:141:0.2108|128:123:0.1404|191:108:0.0954|187:97:0.0693|275:84:0.0452|193:77:0.0349|277:75:0.0323|273:75:0.0323|142:73:0.0298|194:73:0.0298|132:73:0.0298|133:69:0.0253
39,0,130,93,9,190,90,1,0.378226,190,90,0.378226,186,22,0.006107,52.0,21.1,0,190:90:0.3782|134:70:0.1796|271:64:0.1378|127:64:0.1378|129:50:0.0666|267:50:0.0666|273:30:0.0150|266:28:0.0122|186:22:0.0061
39,1,191,112,7,192,80,2,0.238422,279,108,0.580993,133,19,0.003589,53.6,29.3,28,279:108:0.5810|192:80:0.2384|194:55:0.0788|277:50:0.0595|275:41:0.0332|138:22:0.0055|133:19:0.0036
40,0,190,197,12,193,104,1,0.156265,193,104,0.156265,267,73,0.0547,82.5,11.6,0,193:104:0.1563|174:103:0.1518|184:95:0.1194|130:90:0.1017|186:80:0.0717|175:76:0.0616|169:76:0.0616|273:74:0.0569|187:73:0.0547|266:73:0.0547|188:73:0.0547|267:73:0.0547
40,1,192,197,12,274,84,5,0.051352,181,140,0.234402,185,73,0.033884,91.9,25.2,56,181:140:0.2344|275:133:0.2012|189:131:0.1923|138:90:0.0630|274:84:0.0514|191:80:0.0444|182:76:0.0382|177:76:0.0382|277:74:0.0353|278:73:0.0339|194:73:0.0339|185:73:0.0339
41,0,193,107,9,190,104,1,0.41899,190,104,0.41899,187,26,0.007124,58.2,23.1,0,190:104:0.4190|279:77:0.1718|275:70:0.1295|271:66:0.1089|194:52:0.0539|188:52:0.0539|273:50:0.0480|175:27:0.0079|187:26:0.0071
41,1,274,162,10,136,128,1,0.437398,136,128,0.437398,119,36,0.010321,66.4,28.8,0,136:128:0.4374|181:96:0.1860|192:84:0.1251|182:70:0.0729|278:68:0.0669|277:67:0.0641|135:39:0.0130|276:39:0.0130|138:37:0.0112|119:36:0.0103
42,0,190,197,12,184,95,3,0.119429,193,104,0.156265,267,73,0.0547,82.5,11.6,9,193:104:0.1563|174:103:0.1518|184:95:0.1194|130:90:0.1017|186:80:0.0717|175:76:0.0616|169:76:0.0616|273:74:0.0569|187:73:0.0547|266:73:0.0547|188:73:0.0547|267:73:0.0547
42,1,136,178,9,116,129,1,0.212086,116,129,0.212086,135,70,0.034551,95.9,28.5,0,116:129:0.2121|274:128:0.2072|140:128:0.2072|238:126:0.1977|276:71:0.0360|278:71:0.0360|121:70:0.0346|272:70:0.0346|135:70:0.0346
43,0,184,96,9,190,95,1,0.402112,190,95,0.402112,175,18,0.003117,52.8,23.3,0,190:95:0.4021|284:71:0.1696|173:66:0.1367|271:66:0.1367|286:53:0.0716|187:49:0.0568|188:29:0.0123|169:28:0.0111|175:18:0.0031
43,1,116,162,11,136,129,2,0.321155,122,129,0.321155,106,36,0.007404,71.0,32.3,0,122:129:0.3212|136:129:0.3212|96:86:0.0963|113:84:0.0898|121:68:0.0480|224:68:0.0480|118:64:0.0401|120:39:0.0094|272:39:0.0094|135:39:0.0094|106:36:0.0074
44,0,190,197,12,188,73,11,0.0547,193,104,0.156265,267,73,0.0547,82.5,11.6,31,193:104:0.1563|174:103:0.1518|184:95:0.1194|130:90:0.1017|186:80:0.0717|175:76:0.0616|169:76:0.0616|273:74:0.0569|187:73:0.0547|266:73:0.0547|188:73:0.0547|267:73:0.0547
44,1,136,178,9,116,129,1,0.212086,116,129,0.212086,135,70,0.034551,95.9,28.5,0,116:129:0.2121|274:128:0.2072|140:128:0.2072|238:126:0.1977|276:71:0.0360|278:71:0.0360|121:70:0.0346|272:70:0.0346|135:70:0.0346
45,0,188,101,11,172,90,1,0.371908,172,90,0.371908,187,16,0.002425,45.9,23.0,0,172:90:0.3719|189:73:0.2000|190:73:0.2000|193:52:0.0735|286:52:0.0735|173:39:0.0316|175:31:0.0162|184:29:0.0133|271:27:0.0108|169:23:0.0068|187:16:0.0024
45,1,116,162,11,122,129,1,0.321155,122,129,0.321155,106,36,0.007404,71.0,32.3,0,122:129:0.3212|136:129:0.3212|96:86:0.0963|113:84:0.0898|121:68:0.0480|224:68:0.0480|118:64:0.0401|120:39:0.0094|272:39:0.0094|135:39:0.0094|106:36:0.0074
46,0,172,173,13,263,96,4,0.071827,162,140,0.220611,160,35,0.003672,88.5,30.7,44,162:140:0.2206|284:139:0.2160|165:127:0.1650|263:96:0.0718|173:96:0.0718|267:91:0.0613|188:90:0.0593|103:81:0.0434|169:72:0.0306|256:64:0.0216|271:60:0.0179|262:59:0.0170|160:35:0.0037
46,1,122,177,13,238,141,2,0.204442,140,144,0.217675,135,37,0.003918,92.5,30.2,3,140:144:0.2177|238:141:0.2044|116:129:0.1569|231:99:0.0714|137:97:0.0672|234:96:0.0652|236:92:0.0574|40:89:0.0521|223:82:0.0408|237:70:0.0256|112:64:0.0196|233:62:0.0179|135:37:0.0039
47,0,263,162,10,83,133,1,0.359128,83,133,0.359128,103,36,0.00756,71.3,34.9,0,83:133:0.3591|123:128:0.3204|172:96:0.1362|174:70:0.0534|264:68:0.0490|248:67:0.0469|85:39:0.0096|267:39:0.0096|84:37:0.0082|103:36:0.0076
47,1,238,197,12,231,84,6,0.048277,122,141,0.225084,49,69,0.026963,93.8,25.9,57,122:141:0.2251|140:141:0.2251|136:126:0.1610|40:97:0.0740|35:95:0.0695|231:84:0.0483|120:77:0.0373|224:75:0.0345|237:75:0.0345|38:73:0.0319|121:73:0.0319|49:69:0.0270
48,0,83,197,12,263,133,2,0.201961,100,144,0.255893,84,70,0.030042,91.3,26.0,11,100:144:0.2559|263:133:0.2020|123:128:0.1802|77:90:0.0633|81:84:0.0515|79:78:0.0414|248:75:0.0368|211:75:0.0368|76:73:0.0340|85:73:0.0340|264:73:0.0340|84:70:0.0300
48,1,231,162,12,238,84,5,0.062839,36,143,0.305535,223,36,0.005183,77.3,36.3,59,36:143:0.3055|32:133:0.2462|23:116:0.1639|122:99:0.1023|238:84:0.0628|38:68:0.0336|224:67:0.0322|49:64:0.0281|35:40:0.0071|34:39:0.0065|40:39:0.0065|223:36:0.0052
49,0,263,162,10,83,133,1,0.359128,83,133,0.359128,103,36,0.00756,71.3,34.9,0,83:133:0.3591|123:128:0.3204|172:96:0.1362|174:70:0.0534|264:68:0.0490|248:67:0.0469|85:39:0.0096|267:39:0.0096|84:37:0.0082|103:36:0.0076
49,1,238,197,12,122,141,1,0.225084,122,141,0.225084,49,69,0.026963,93.8,25.9,0,122:141:0.2251|140:141:0.2251|136:126:0.1610|40:97:0.0740|35:95:0.0695|231:84:0.0483|120:77:0.0373|224:75:0.0345|237:75:0.0345|38:73:0.0319|121:73:0.0319|49:69:0.0270
50,0,83,197,12,100,144,1,0.255893,100,144,0.255893,84,70,0.030042,91.3,26.0,0,100:144:0.2559|263:133:0.2020|123:128:0.1802|77:90:0.0633|81:84:0.0515|79:78:0.0414|248:75:0.0368|211:75:0.0368|76:73:0.0340|85:73:0.0340|264:73:0.0340|84:70:0.0300
50,1,122,177,13,40,89,8,0.052051,140,144,0.217675,135,37,0.003918,92.5,30.2,55,140:144:0.2177|238:141:0.2044|116:129:0.1569|231:99:0.0714|137:97:0.0672|234:96:0.0652|236:92:0.0574|40:89:0.0521|223:82:0.0408|237:70:0.0256|112:64:0.0196|233:62:0.0179|135:37:0.0039
51,0,100,177,13,83,144,1,0.27899,83,144,0.27899,85,37,0.005022,83.2,29.6,0,83:144:0.2790|228:141:0.2620|214:96:0.0835|209:92:0.0736|27:89:0.0667|89:82:0.0523|230:82:0.0523|211:70:0.0328|92:64:0.0251|225:62:0.0229|101:62:0.0229|103:61:0.0218|85:37:0.0050
51,1,40,101,12,122,89,2,0.254125,238,97,0.328094,48,16,0.001713,49.2,26.3,8,238:97:0.3281|122:89:0.2541|51:73:0.1413|36:70:0.1248|38:52:0.0519|39:51:0.0490|231:39:0.0223|233:27:0.0077|49:26:0.0069|45:26:0.0069|237:24:0.0054|48:16:0.0017
52,0,83,197,12,77,90,4,0.063253,100,144,0.255893,84,70,0.030042,91.3,26.0,54,100:144:0.2559|263:133:0.2020|123:128:0.1802|77:90:0.0633|81:84:0.0515|79:78:0.0414|248:75:0.0368|211:75:0.0368|76:73:0.0340|85:73:0.0340|264:73:0.0340|84:70:0.0300
52,1,122,177,13,238,141,2,0.204442,140,144,0.217675,135,37,0.003918,92.5,30.2,3,140:144:0.2177|238:141:0.2044|116:129:0.1569|231:99:0.0714|137:97:0.0672|234:96:0.0652|236:92:0.0574|40:89:0.0521|223:82:0.0408|237:70:0.0256|112:64:0.0196|233:62:0.0179|135:37:0.0039
53,0,77,93,7,245,69,2,0.257085,83,90,0.564816,159,19,0.005996,45.1,24.4,21,83:90:0.5648|245:69:0.2571|76:50:0.0994|81:38:0.0445|248:29:0.0202|84:21:0.0080|159:19:0.0060
53,1,238,197,12,38,73,10,0.031855,122,141,0.225084,49,69,0.026963,93.8,25.9,68,122:141:0.2251|140:141:0.2251|136:126:0.1610|40:97:0.0740|35:95:0.0695|231:84:0.0483|120:77:0.0373|224:75:0.0345|237:75:0.0345|38:73:0.0319|121:73:0.0319|49:69:0.0270
54,0,245,197,12,155,97,5,0.071439,58,144,0.231398,77,69,0.026034,94.9,26.4,47,58:144:0.2314|54:141:0.2173|75:123:0.1447|159:108:0.0983|155:97:0.0714|251:84:0.0466|145:77:0.0360|241:75:0.0333|248:75:0.0333|76:73:0.0308|157:73:0.0308|77:69:0.0260
54,1,38,101,8,36,75,1,0.202685,36,75,0.202685,49,50,0.061248,62.0,10.4,0,36:75:0.2027|32:73:0.1871|238:73:0.1871|231:68:0.1517|35:53:0.0727|224:52:0.0687|40:52:0.0687|49:50:0.0612
55,0,155,101,12,75,87,2,0.24595,245,97,0.339686,146,16,0.001773,48.3,26.3,10,245:97:0.3397|75:87:0.2460|143:73:0.1462|158:68:0.1186|157:52:0.0537|156:49:0.0451|251:39:0.0231|150:27:0.0079|250:27:0.0079|145:26:0.0071|241:19:0.0029|146:16:0.0018
55,1,36,212,9,32,149,1,0.231608,32,149,0.231608,34,70,0.024561,105.2,35.9,0,32:149:0.2316|198:145:0.2136|29:144:0.2092|231:143:0.2049|200:76:0.0313|38:75:0.0301|48:75:0.0301|40:70:0.0246|34:70:0.0246
56,0,75,148,13,81,117,3,0.167578,54,126,0.208921,68,33,0.004009,80.1,30.4,9,54:126:0.2089|245:123:0.1945|81:117:0.1676|246:90:0.0769|251:88:0.0719|155:87:0.0695|249:85:0.0649|262:80:0.0542|87:80:0.0542|250:60:0.0232|59:36:0.0052|241:36:0.0052|68:33:0.0040
56,1,32,197,12,34,73,9,0.028059,36,149,0.233698,21,68,0.022747,96.4,29.9,76,36:149:0.2337|198:141:0.1983|231:133:0.1666|23:122:0.1289|111:103:0.0779|224:76:0.0316|13:74:0.0292|220:73:0.0281|34:73:0.0281|38:73:0.0281|35:72:0.0269|21:68:0.0227
57,0,81,162,10,58,141,1,0.450254,58,141,0.450254,89,36,0.007965,69.9,34.0,0,58:141:0.4503|75:117:0.2584|83:84:0.0966|79:70:0.0563|76:68:0.0517|248:67:0.0494|59:39:0.0101|209:39:0.0101|77:38:0.0093|89:36:0.0080
57,1,34,101,9,32,73,1,0.289702,32,73,0.289702,219,24,0.011171,45.1,19.6,0,32:73:0.2897|198:73:0.2897|36:70:0.2559|29:39:0.0458|231:39:0.0458|23:34:0.0307|223:27:0.0157|229:27:0.0157|219:24:0.0112
58,0,58,210,9,208,140,4,0.202119,54,146,0.229035,59,72,0.028049,103.7,35.0,6,54:146:0.2290|245:144:0.2198|81:141:0.2065|208:140:0.2021|206:73:0.0292|205:73:0.0292|209:72:0.0280|76:72:0.0280|59:72:0.0280
58,1,32,197,12,198,141,2,0.198265,36,149,0.233698,21,68,0.022747,96.4,29.9,8,36:149:0.2337|198:141:0.1983|231:133:0.1666|23:122:0.1289|111:103:0.0779|224:76:0.0316|13:74:0.0292|220:73:0.0281|34:73:0.0281|38:73:0.0281|35:72:0.0269|21:68:0.0227
59,0,208,162,10,2,84,3,0.117581,58,140,0.536705,78,36,0.009698,66.1,30.5,56,58:140:0.5367|15:85:0.1218|2:84:0.1176|202:68:0.0629|205:68:0.0629|14:64:0.0526|59:39:0.0123|206:39:0.0123|56:38:0.0114|78:36:0.0097
59,1,198,197,12,11,79,6,0.040265,36,145,0.244748,13,72,0.030594,93.5,26.4,66,36:145:0.2447|32:141:0.2252|23:121:0.1428|12:106:0.0963|22:84:0.0483|11:79:0.0403|33:79:0.0403|197:76:0.0359|195:73:0.0319|200:73:0.0319|34:73:0.0319|13:72:0.0306
60,0,2,197,12,5,149,1,0.276808,5,149,0.276808,14,68,0.026943,91.7,26.9,0,5:149:0.2768|207:133:0.1973|15:122:0.1526|56:103:0.0923|208:84:0.0504|202:76:0.0374|6:74:0.0346|0:73:0.0332|205:73:0.0332|10:73:0.0332|3:72:0.0319|14:68:0.0269
60,1,11,110,9,4,108,1,0.43063,4,108,0.43063,20,18,0.002281,58.9,25.4,0,4:108:0.4306|198:79:0.1703|22:72:0.1294|210:68:0.1092|195:55:0.0584|8:51:0.0468|13:50:0.0441|7:29:0.0090|20:18:0.0023
61,0,5,212,9,207,143,4,0.204912,2,149,0.231608,10,70,0.024561,105.2,35.9,6,2:149:0.2316|196:145:0.2136|22:144:0.2092|207:143:0.2049|195:76:0.0313|0:75:0.0301|7:75:0.0301|8:70:0.0246|10:70:0.0246
61,1,4,197,12,7,73,8,0.056525,11,108,0.180643,20,68,0.045824,81.2,12.8,35,11:108:0.1806|64:103:0.1569|1:91:0.1086|21:90:0.1051|204:76:0.0637|13:74:0.0588|217:73:0.0565|7:73:0.0565|8:73:0.0565|216:73:0.0565|9:72:0.0543|20:68:0.0458
62,0,207,162,12,15,116,3,0.163882,5,143,0.305535,213,36,0.005183,77.3,36.3,27,5:143:0.3055|2:133:0.2462|15:116:0.1639|67:99:0.1023|203:84:0.0628|0:68:0.0336|202:67:0.0322|1:64:0.0281|3:40:0.0071|8:39:0.0065|10:39:0.0065|213:36:0.0052
62,1,7,101,11,23,88,1,0.354681,23,88,0.354681,8,16,0.002472,45.4,23.2,0,23:88:0.3547|5:75:0.2209|4:73:0.2039|195:52:0.0749|1:50:0.0667|22:39:0.0322|20:30:0.0150|11:29:0.0136|210:27:0.0110|13:20:0.0047|8:16:0.0025
63,0,15,144,14,19,88,5,0.073994,2,122,0.195317,215,31,0.003439,77.0,29.8,34,2:122:0.1953|196:121:0.1906|207:116:0.1681|206:89:0.0765|19:88:0.0740|208:85:0.0668|25:85:0.0668|78:79:0.0537|226:79:0.0537|212:58:0.0216|213:57:0.0205|6:34:0.0045|10:34:0.0045|215:31:0.0034
63,1,23,144,14,198,121,2,0.175287,32,122,0.179632,219,31,0.003163,78.9,31.3,1,32:122:0.1796|198:121:0.1753|231:116:0.1546|29:115:0.1507|7:88:0.0681|222:85:0.0614|22:85:0.0614|93:79:0.0494|212:79:0.0494|210:58:0.0198|223:57:0.0188|13:34:0.0041|34:34:0.0041|219:31:0.0032
64,0,19,101,11,30,75,2,0.220856,15,88,0.354681,27,16,0.002472,45.4,23.2,13,15:88:0.3547|30:75:0.2209|16:73:0.2039|199:52:0.0749|41:50:0.0667|25:39:0.0322|17:30:0.0150|24:29:0.0136|225:27:0.0110|6:20:0.0047|27:16:0.0025
64,1,198,197,12,34,73,11,0.031868,36,145,0.244748,13,72,0.030594,93.5,26.4,72,36:145:0.2447|32:141:0.2252|23:121:0.1428|12:106:0.0963|22:84:0.0483|11:79:0.0403|33:79:0.0403|197:76:0.0359|195:73:0.0319|200:73:0.0319|34:73:0.0319|13:72:0.0306
65,0,30,212,9,25,144,3,0.20921,46,149,0.231608,27,70,0.024561,105.2,35.9,5,46:149:0.2316|201:145:0.2136|25:144:0.2092|227:143:0.2049|199:76:0.0313|43:75:0.0301|19:75:0.0301|31:70:0.0246|27:70:0.0246
65,1,34,101,9,198,73,2,0.289702,32,73,0.289702,219,24,0.011171,45.1,19.6,0,32:73:0.2897|198:73:0.2897|36:70:0.2559|29:39:0.0458|231:39:0.0458|23:34:0.0307|223:27:0.0157|229:27:0.0157|219:24:0.0112
66,0,25,162,10,24,72,4,0.069198,30,144,0.542285,226,36,0.00901,67.7,31.4,72,30:144:0.5423|15:85:0.1131|196:84:0.1092|24:72:0.0692|197:70:0.0637|199:68:0.0584|28:40:0.0123|19:39:0.0114|31:39:0.0114|226:36:0.0090
66,1,198,197,12,11,79,6,0.040265,36,145,0.244748,13,72,0.030594,93.5,26.4,66,36:145:0.2447|32:141:0.2252|23:121:0.1428|12:106:0.0963|22:84:0.0483|11:79:0.0403|33:79:0.0403|197:76:0.0359|195:73:0.0319|200:73:0.0319|34:73:0.0319|13:72:0.0306
67,0,24,110,9,25,72,3,0.129358,16,108,0.43063,17,18,0.002281,58.9,25.4,36,16:108:0.4306|196:79:0.1703|25:72:0.1294|225:68:0.1092|199:55:0.0584|27:51:0.0468|6:50:0.0441|19:29:0.0090|17:18:0.0023
67,1,11,110,9,195,55,5,0.058397,4,108,0.43063,20,18,0.002281,58.9,25.4,53,4:108:0.4306|198:79:0.1703|22:72:0.1294|210:68:0.1092|195:55:0.0584|8:51:0.0468|13:50:0.0441|7:29:0.0090|20:18:0.0023
68,0,25,162,10,15,85,2,0.113141,30,144,0.542285,226,36,0.00901,67.7,31.4,59,30:144:0.5423|15:85:0.1131|196:84:0.1092|24:72:0.0692|197:70:0.0637|199:68:0.0584|28:40:0.0123|19:39:0.0114|31:39:0.0114|226:36:0.0090
68,1,195,101,8,22,68,4,0.145806,5,76,0.202628,7,52,0.066078,63.1,9.6,8,5:76:0.2026|198:73:0.1799|196:73:0.1799|22:68:0.1458|11:55:0.0779|12:55:0.0779|197:53:0.0699|7:52:0.0661
69,0,15,144,14,207,116,3,0.168106,2,122,0.195317,215,31,0.003439,77.0,29.8,6,2:122:0.1953|196:121:0.1906|207:116:0.1681|206:89:0.0765|19:88:0.0740|208:85:0.0668|25:85:0.0668|78:79:0.0537|226:79:0.0537|212:58:0.0216|213:57:0.0205|6:34:0.0045|10:34:0.0045|215:31:0.0034
69,1,22,162,11,196,133,2,0.299717,5,144,0.379753,212,36,0.00631,73.6,35.3,11,5:144:0.3798|196:133:0.2997|23:85:0.0792|198:84:0.0765|11:72:0.0485|197:70:0.0446|195:68:0.0409|12:40:0.0086|7:39:0.0080|10:39:0.0080|212:36:0.0063
70,0,207,162,12,15,116,3,0.163882,5,143,0.305535,213,36,0.005183,77.3,36.3,27,5:143:0.3055|2:133:0.2462|15:116:0.1639|67:99:0.1023|203:84:0.0628|0:68:0.0336|202:67:0.0322|1:64:0.0281|3:40:0.0071|8:39:0.0065|10:39:0.0065|213:36:0.0052
70,1,196,197,12,5,145,1,0.253876,5,145,0.253876,6,72,0.031735,92.8,25.3,0,5:145:0.2539|22:133:0.1963|15:121:0.1481|28:106:0.0999|25:84:0.0501|24:79:0.0418|12:79:0.0418|197:76:0.0372|195:73:0.0331|199:73:0.0331|10:73:0.0331|6:72:0.0317
71,0,15,144,14,213,57,11,0.020479,2,122,0.195317,215,31,0.003439,77.0,29.8,65,2:122:0.1953|196:121:0.1906|207:116:0.1681|206:89:0.0765|19:88:0.0740|208:85:0.0668|25:85:0.0668|78:79:0.0537|226:79:0.0537|212:58:0.0216|213:57:0.0205|6:34:0.0045|10:34:0.0045|215:31:0.0034
71,1,5,212,9,2,149,1,0.231608,2,149,0.231608,10,70,0.024561,105.2,35.9,0,2:149:0.2316|196:145:0.2136|22:144:0.2092|207:143:0.2049|195:76:0.0313|0:75:0.0301|7:75:0.0301|8:70:0.0246|10:70:0.0246
72,0,213,83,7,65,19,6,0.023641,15,57,0.576582,215,12,0.006492,29.9,13.6,38,15:57:0.5766|207:36:0.1497|70:35:0.1379|10:27:0.0649|91:23:0.0409|65:19:0.0236|215:12:0.0065
72,1,2,197,12,15,122,3,0.152623,5,149,0.276808,14,68,0.026943,91.7,26.9,27,5:149:0.2768|207:133:0.1973|15:122:0.1526|56:103:0.0923|208:84:0.0504|202:76:0.0374|6:74:0.0346|0:73:0.0332|205:73:0.0332|10:73:0.0332|3:72:0.0319|14:68:0.0269
73,0,65,89,12,70,64,1,0.336905,70,64,0.336905,87,11,0.00212,31.9,16.9,0,70:64:0.3369|67:64:0.3369|91:40:0.0846|72:40:0.0846|218:35:0.0572|88:32:0.0441|80:22:0.0149|62:21:0.0131|213:19:0.0098|95:19:0.0098|71:16:0.0060|87:11:0.0021
73,1,15,144,14,2,122,1,0.195317,2,122,0.195317,215,31,0.003439,77.0,29.8,0,2:122:0.1953|196:121:0.1906|207:116:0.1681|206:89:0.0765|19:88:0.0740|208:85:0.0668|25:85:0.0668|78:79:0.0537|226:79:0.0537|212:58:0.0216|213:57:0.0205|6:34:0.0045|10:34:0.0045|215:31:0.0034
74,0,70,177,9,97,34,7,0.040478,215,65,0.271425,80,22,0.011487,42.9,15.4,31,215:65:0.2714|65:64:0.2593|68:63:0.2475|87:36:0.0478|78:35:0.0440|213:35:0.0440|97:34:0.0405|91:32:0.0339|80:22:0.0115
74,1,2,197,12,56,103,4,0.092258,5,149,0.276808,14,68,0.026943,91.7,26.9,46,5:149:0.2768|207:133:0.1973|15:122:0.1526|56:103:0.0923|208:84:0.0504|202:76:0.0374|6:74:0.0346|0:73:0.0332|205:73:0.0332|10:73:0.0332|3:72:0.0319|14:68:0.0269
75,0,97,86,10,98,85,1,0.65712,98,85,0.65712,94,10,0.001375,35.1,19.1,0,98:85:0.6571|68:40:0.0712|92:40:0.0712|215:40:0.0712|70:34:0.0443|214:33:0.0406|89:24:0.0161|78:23:0.0143|82:22:0.0126|94:10:0.0014
75,1,56,107,7,54,78,2,0.248904,2,103,0.567872,3,22,0.006142,52.4,27.0,25,2:103:0.5679|54:78:0.2489|205:52:0.0752|202:49:0.0631|208:38:0.0299|61:25:0.0089|3:22:0.0061
76,0,98,286,12,107,176,1,0.230005,107,176,0.230005,80,74,0.017498,109.2,42.9,0,107:176:0.2300|114:176:0.2300|168:176:0.2300|26:147:0.1345|94:85:0.0264|97:85:0.0264|117:85:0.0264|72:85:0.0264|99:74:0.0175|102:74:0.0175|124:74:0.0175|80:74:0.0175
76,1,54,197,12,58,146,1,0.238698,58,146,0.238698,55,70,0.026895,95.1,26.7,0,58:146:0.2387|245:141:0.2152|75:126:0.1539|61:103:0.0845|246:97:0.0707|57:84:0.0461|56:78:0.0370|241:75:0.0330|202:75:0.0330|52:73:0.0305|205:73:0.0305|55:70:0.0269
77,0,107,177,10,98,176,1,0.839622,98,176,0.839622,124,22,0.001842,56.2,42.5,0,98:176:0.8396|221:65:0.0435|92:64:0.0416|115:63:0.0397|101:36:0.0077|125:35:0.0071|230:35:0.0071|117:34:0.0065|94:32:0.0054|124:22:0.0018
77,1,58,210,9,206,73,5,0.029218,54,146,0.229035,59,72,0.028049,103.7,35.0,73,54:146:0.2290|245:144:0.2198|81:141:0.2065|208:140:0.2021|206:73:0.0292|205:73:0.0292|209:72:0.0280|76:72:0.0280|59:72:0.0280
78,0,98,286,12,26,147,4,0.134463,107,176,0.230005,80,74,0.017498,109.2,42.9,29,107:176:0.2300|114:176:0.2300|168:176:0.2300|26:147:0.1345|94:85:0.0264|97:85:0.0264|117:85:0.0264|72:85:0.0264|99:74:0.0175|102:74:0.0175|124:74:0.0175|80:74:0.0175
78,1,206,101,11,16,73,2,0.203098,15,89,0.365374,209,16,0.002462,45.5,23.2,16,15:89:0.3654|16:73:0.2031|58:73:0.2031|79:52:0.0746|205:52:0.0746|208:39:0.0321|18:32:0.0180|14:27:0.0110|225:27:0.0110|6:20:0.0046|209:16:0.0025
79,0,26,148,10,98,147,1,0.912703,98,147,0.912703,94,23,0.003892,42.3,35.3,0,98:147:0.9127|226:35:0.0131|212:35:0.0131|229:35:0.0131|219:34:0.0121|221:34:0.0121|215:34:0.0121|105:23:0.0039|91:23:0.0039|94:23:0.0039
79,1,16,197,12,6,74,7,0.057511,24,108,0.176542,17,68,0.044783,81.9,12.6,34,24:108:0.1765|79:103:0.1533|41:91:0.1062|14:90:0.1027|225:82:0.0779|211:76:0.0622|6:74:0.0575|206:73:0.0552|209:73:0.0552|19:73:0.0552|18:72:0.0530|17:68:0.0448
80,0,98,286,12,94,85,5,0.026382,107,176,0.230005,80,74,0.017498,109.2,42.9,91,107:176:0.2300|114:176:0.2300|168:176:0.2300|26:147:0.1345|94:85:0.0264|97:85:0.0264|117:85:0.0264|72:85:0.0264|99:74:0.0175|102:74:0.0175|124:74:0.0175|80:74:0.0175
80,1,6,97,11,2,74,1,0.27969,2,74,0.27969,19,20,0.00614,40.7,21.5,0,2:74:0.2797|16:74:0.2797|196:72:0.2579|24:50:0.0879|15:34:0.0284|18:29:0.0179|14:27:0.0146|17:27:0.0146|225:21:0.0071|206:20:0.0061|19:20:0.0061
81,0,94,86,10,98,85,1,0.678877,98,85,0.678877,97,10,0.001421,34.4,19.0,0,98:85:0.6789|92:40:0.0736|215:38:0.0633|221:38:0.0633|107:32:0.0384|214:31:0.0350|226:24:0.0167|26:23:0.0148|230:23:0.0148|97:10:0.0014
81,1,2,197,12,5,149,1,0.276808,5,149,0.276808,14,68,0.026943,91.7,26.9,0,5:149:0.2768|207:133:0.1973|15:122:0.1526|56:103:0.0923|208:84:0.0504|202:76:0.0374|6:74:0.0346|0:73:0.0332|205:73:0.0332|10:73:0.0332|3:72:0.0319|14:68:0.0269
82,0,98,286,12,26,147,4,0.134463,107,176,0.230005,80,74,0.017498,109.2,42.9,29,107:176:0.2300|114:176:0.2300|168:176:0.2300|26:147:0.1345|94:85:0.0264|97:85:0.0264|117:85:0.0264|72:85:0.0264|99:74:0.0175|102:74:0.0175|124:74:0.0175|80:74:0.0175
82,1,5,212,9,2,149,1,0.231608,2,149,0.231608,10,70,0.024561,105.2,35.9,0,2:149:0.2316|196:145:0.2136|22:144:0.2092|207:143:0.2049|195:76:0.0313|0:75:0.0301|7:75:0.0301|8:70:0.0246|10:70:0.0246
83,0,26,148,10,98,147,1,0.912703,98,147,0.912703,94,23,0.003892,42.3,35.3,0,98:147:0.9127|226:35:0.0131|212:35:0.0131|229:35:0.0131|219:34:0.0121|221:34:0.0121|215:34:0.0121|105:23:0.0039|91:23:0.0039|94:23:0.0039
83,1,2,197,12,6,74,7,0.034601,5,149,0.276808,14,68,0.026943,91.7,26.9,75,5:149:0.2768|207:133:0.1973|15:122:0.1526|56:103:0.0923|208:84:0.0504|202:76:0.0374|6:74:0.0346|0:73:0.0332|205:73:0.0332|10:73:0.0332|3:72:0.0319|14:68:0.0269
84,0,98,286,12,114,176,2,0.230005,107,176,0.230005,80,74,0.017498,109.2,42.9,0,107:176:0.2300|114:176:0.2300|168:176:0.2300|26:147:0.1345|94:85:0.0264|97:85:0.0264|117:85:0.0264|72:85:0.0264|99:74:0.0175|102:74:0.0175|124:74:0.0175|80:74:0.0175
84,1,6,97,11,2,74,1,0.27969,2,74,0.27969,19,20,0.00614,40.7,21.5,0,2:74:0.2797|16:74:0.2797|196:72:0.2579|24:50:0.0879|15:34:0.0284|18:29:0.0179|14:27:0.0146|17:27:0.0146|225:21:0.0071|206:20:0.0061|19:20:0.0061
85,0,114,177,10,112,64,3,0.041582,98,176,0.839622,99,22,0.001842,56.2,42.5,112,98:176:0.8396|219:65:0.0435|112:64:0.0416|74:63:0.0397|106:36:0.0077|93:35:0.0071|223:35:0.0071|72:34:0.0065|105:32:0.0054|99:22:0.0018
85,1,2,197,12,5,149,1,0.276808,5,149,0.276808,14,68,0.026943,91.7,26.9,0,5:149:0.2768|207:133:0.1973|15:122:0.1526|56:103:0.0923|208:84:0.0504|202:76:0.0374|6:74:0.0346|0:73:0.0332|205:73:0.0332|10:73:0.0332|3:72:0.0319|14:68:0.0269
86,0,112,89,12,122,64,2,0.336905,114,64,0.336905,106,11,0.00212,31.9,16.9,0,114:64:0.3369|122:64:0.3369|105:40:0.0846|117:40:0.0846|234:35:0.0572|126:32:0.0441|99:22:0.0149|135:21:0.0131|108:19:0.0098|223:19:0.0098|119:16:0.0060|106:11:0.0021
86,1,5,212,9,7,75,7,0.030125,2,149,0.231608,10,70,0.024561,105.2,35.9,74,2:149:0.2316|196:145:0.2136|22:144:0.2092|207:143:0.2049|195:76:0.0313|0:75:0.0301|7:75:0.0301|8:70:0.0246|10:70:0.0246
87,0,122,177,13,238,141,2,0.204442,140,144,0.217675,135,37,0.003918,92.5,30.2,3,140:144:0.2177|238:141:0.2044|116:129:0.1569|231:99:0.0714|137:97:0.0672|234:96:0.0652|236:92:0.0574|40:89:0.0521|223:82:0.0408|237:70:0.0256|112:64:0.0196|233:62:0.0179|135:37:0.0039
87,1,7,101,11,5,75,2,0.220856,23,88,0.354681,8,16,0.002472,45.4,23.2,13,23:88:0.3547|5:75:0.2209|4:73:0.2039|195:52:0.0749|1:50:0.0667|22:39:0.0322|20:30:0.0150|11:29:0.0136|210:27:0.0110|13:20:0.0047|8:16:0.0025
88,0,238,197,12,40,97,4,0.073987,122,141,0.225084,49,69,0.026963,93.8,25.9,44,122:141:0.2251|140:141:0.2251|136:126:0.1610|40:97:0.0740|35:95:0.0695|231:84:0.0483|120:77:0.0373|224:75:0.0345|237:75:0.0345|38:73:0.0319|121:73:0.0319|49:69:0.0270
88,1,5,212,9,22,144,3,0.20921,2,149,0.231608,10,70,0.024561,105.2,35.9,5,2:149:0.2316|196:145:0.2136|22:144:0.2092|207:143:0.2049|195:76:0.0313|0:75:0.0301|7:75:0.0301|8:70:0.0246|10:70:0.0246
89,0,40,101,12,36,70,4,0.124766,238,97,0.328094,48,16,0.001713,49.2,26.3,27,238:97:0.3281|122:89:0.2541|51:73:0.1413|36:70:0.1248|38:52:0.0519|39:51:0.0490|231:39:0.0223|233:27:0.0077|49:26:0.0069|45:26:0.0069|237:24:0.0054|48:16:0.0017
89,1,22,162,11,196,133,2,0.299717,5,144,0.379753,212,36,0.00631,73.6,35.3,11,5:144:0.3798|196:133:0.2997|23:85:0.0792|198:84:0.0765|11:72:0.0485|197:70:0.0446|195:68:0.0409|12:40:0.0086|7:39:0.0080|10:39:0.0080|212:36:0.0063
90,0,36,212,9,38,75,6,0.030125,32,149,0.231608,34,70,0.024561,105.2,35.9,74,32:149:0.2316|198:145:0.2136|29:144:0.2092|231:143:0.2049|200:76:0.0313|38:75:0.0301|48:75:0.0301|40:70:0.0246|34:70:0.0246
90,1,196,197,12,25,84,5,0.050098,5,145,0.253876,6,72,0.031735,92.8,25.3,61,5:145:0.2539|22:133:0.1963|15:121:0.1481|28:106:0.0999|25:84:0.0501|24:79:0.0418|12:79:0.0418|197:76:0.0372|195:73:0.0331|199:73:0.0331|10:73:0.0331|6:72:0.0317
